SET SQL_MODE = "NO_AUTO_VALUE_ON_ZERO";
SET AUTOCOMMIT = 0;
START TRANSACTION;
SET time_zone = "+00:00";

/*!40101 SET @OLD_CHARACTER_SET_CLIENT=@@CHARACTER_SET_CLIENT */;
/*!40101 SET @OLD_CHARACTER_SET_RESULTS=@@CHARACTER_SET_RESULTS */;
/*!40101 SET @OLD_COLLATION_CONNECTION=@@COLLATION_CONNECTION */;
/*!40101 SET NAMES utf8mb4 */;

CREATE DATABASE IF NOT EXISTS `ava1` DEFAULT CHARACTER SET latin1 COLLATE latin1_swedish_ci;
USE `ava1`;

CREATE TABLE `cliente` (
  `ID_CLI` int(10) NOT NULL,
  `NOME` varchar(255) DEFAULT NULL,
  `created_at` timestamp NOT NULL DEFAULT current_timestamp() ON UPDATE current_timestamp(),
  `updated_at` timestamp NULL DEFAULT NULL
) ENGINE=InnoDB DEFAULT CHARSET=utf8;

INSERT INTO `cliente` (`ID_CLI`, `NOME`, `created_at`, `updated_at`) VALUES
(1, 'Marcelo Eliseu', '2019-10-10 12:40:37', '2019-10-27 03:51:43'),
(2, 'João A', '2019-10-10 12:40:37', '2019-10-27 04:13:02'),
(3, 'Mariana E', '2019-10-10 12:40:37', '2019-11-07 02:00:06'),
(10, 'Deodoro da Fonseca', '2019-10-11 16:35:42', '2019-11-07 02:18:07'),
(11, 'Leona Terrivel', '2019-10-26 20:10:37', '2019-11-07 02:06:52'),
(12, 'Nautilus', '2019-10-26 20:10:44', '2019-10-26 20:10:44'),
(13, 'Jinx the LOL', '2019-10-26 20:11:00', '2019-11-07 05:39:02'),
(14, 'Phanteon', '2019-10-26 20:11:15', '2019-10-26 20:11:15'),
(15, 'Chaves', '2019-10-27 00:35:28', '2019-10-27 00:35:28'),
(17, 'Eldorado', '2019-10-27 01:50:14', '2019-10-27 01:50:14'),
(18, 'Darkness', '2019-11-07 01:07:33', '2019-11-07 01:10:54'),
(19, 'Patriotis', '2019-11-07 02:12:15', '2019-11-07 02:12:15');

CREATE TABLE `itens` (
  `quantidade` int(10) DEFAULT NULL,
  `FK_PRODUTO_ID_PROD` int(10) DEFAULT NULL,
  `ID` int(10) NOT NULL,
  `FK_VENDA_ID_VEND` int(10) DEFAULT NULL
) ENGINE=InnoDB DEFAULT CHARSET=utf8;

INSERT INTO `itens` (`quantidade`, `FK_PRODUTO_ID_PROD`, `ID`, `FK_VENDA_ID_VEND`) VALUES
(6, 2, 1, 1),
(2, 1, 2, 1),
(3, 6, 3, 1),
(2, 1, 4, 4),
(1, 7, 5, 5),
(1, 2, 6, 5),
(0, 1, 7, 1);

CREATE TABLE `produto` (
  `ID_PROD` int(10) NOT NULL,
  `DESCRICAO` varchar(255) DEFAULT NULL,
  `created_at` timestamp NOT NULL DEFAULT current_timestamp() ON UPDATE current_timestamp(),
  `updated_at` timestamp NULL DEFAULT NULL
) ENGINE=InnoDB DEFAULT CHARSET=utf8;

INSERT INTO `produto` (`ID_PROD`, `DESCRICAO`, `created_at`, `updated_at`) VALUES
(1, 'Batata Frita', '2019-10-11 04:36:11', NULL),
(2, 'Sorvete', '2019-10-11 04:36:52', '2019-10-11 04:44:16'),
(6, 'Cachorro Quente', '2019-10-13 21:37:19', '2019-10-13 21:37:19'),
(7, 'Pizza Pequena', '2019-10-13 21:37:36', '2019-11-07 02:14:58'),
(8, 'Risoto carbonara', '2019-11-06 22:57:00', '2019-11-07 02:13:05'),
(9, 'Pizza Média', '2019-11-07 02:15:15', '2019-11-07 02:15:15');

CREATE TABLE `venda` (
  `FK_CLIENTE_ID_CLI` int(10) DEFAULT NULL,
  `created_at` timestamp NOT NULL DEFAULT current_timestamp() ON UPDATE current_timestamp(),
  `updated_at` timestamp NULL DEFAULT NULL,
  `ID_VEND` int(10) NOT NULL
) ENGINE=InnoDB DEFAULT CHARSET=utf8;

INSERT INTO `venda` (`FK_CLIENTE_ID_CLI`, `created_at`, `updated_at`, `ID_VEND`) VALUES
(10, '2019-10-13 20:59:40', '2019-10-13 21:38:03', 1),
(3, '2019-10-13 21:57:31', '2019-10-13 21:57:31', 4),
(2, '2019-10-14 00:59:13', '2019-10-14 00:59:45', 5),
(10, '2019-11-07 01:02:52', '2019-11-07 01:02:52', 6);


ALTER TABLE `cliente`
  ADD PRIMARY KEY (`ID_CLI`);

ALTER TABLE `itens`
  ADD PRIMARY KEY (`ID`),
  ADD KEY `FK_ITENS_3` (`FK_VENDA_ID_VEND`),
  ADD KEY `FK_ITENS_4` (`FK_PRODUTO_ID_PROD`);

ALTER TABLE `produto`
  ADD PRIMARY KEY (`ID_PROD`);

ALTER TABLE `venda`
  ADD PRIMARY KEY (`ID_VEND`),
  ADD KEY `FK_VENDA_2` (`FK_CLIENTE_ID_CLI`);


ALTER TABLE `cliente`
  MODIFY `ID_CLI` int(10) NOT NULL AUTO_INCREMENT, AUTO_INCREMENT=20;

ALTER TABLE `itens`
  MODIFY `ID` int(10) NOT NULL AUTO_INCREMENT, AUTO_INCREMENT=8;

ALTER TABLE `produto`
  MODIFY `ID_PROD` int(10) NOT NULL AUTO_INCREMENT, AUTO_INCREMENT=10;

ALTER TABLE `venda`
  MODIFY `ID_VEND` int(10) NOT NULL AUTO_INCREMENT, AUTO_INCREMENT=7;


ALTER TABLE `itens`
  ADD CONSTRAINT `FK_ITENS_3` FOREIGN KEY (`FK_VENDA_ID_VEND`) REFERENCES `venda` (`ID_VEND`) ON DELETE SET NULL,
  ADD CONSTRAINT `FK_ITENS_4` FOREIGN KEY (`FK_PRODUTO_ID_PROD`) REFERENCES `produto` (`ID_PROD`) ON DELETE SET NULL;

ALTER TABLE `venda`
  ADD CONSTRAINT `FK_VENDA_2` FOREIGN KEY (`FK_CLIENTE_ID_CLI`) REFERENCES `cliente` (`ID_CLI`) ON DELETE SET NULL;
COMMIT;

/*!40101 SET CHARACTER_SET_CLIENT=@OLD_CHARACTER_SET_CLIENT */;
/*!40101 SET CHARACTER_SET_RESULTS=@OLD_CHARACTER_SET_RESULTS */;
/*!40101 SET COLLATION_CONNECTION=@OLD_COLLATION_CONNECTION */;
